{
  "Structure": [
    2,
    2,
    1
  ],
  "Weights": [
    [
      [
        -12.682775881420374,
        -5.725887035815449
      ],
      [
        -12.113929881244681,
        -5.60603855837053
      ]
    ],
    [
      [
        -16.018837431891846
      ],
      [
        16.5701418847241
      ]
    ]
  ],
  "Biases": [
    8.351268970721407,
    -7.907723632466952
  ]
}