{
  "Structure": [
    2,
    2,
    1
  ],
  "Weights": [
    [
      [
        -8.185724383224919,
        8.286388398872047
      ],
      [
        8.321227092949401,
        -8.171339692613529
      ]
    ],
    [
      [
        -12.720939715427122
      ],
      [
        -12.724169361465078
      ]
    ]
  ],
  "Biases": [
    4.182592448338338,
    18.93283262077993
  ]
}